비용 통제 비교 포함,플랫폼,설정,일반 CPU %,일반 종료 메모리 MiB,부하 CPU %,부하 종료 메모리 MiB,평균 공백 %,최대 공백 %,최대 지속 ms,무공백 실행 수,진입 시 준비 %,부하 p95 ms,부하 지연 비율 %
True,ios,대기 보정 12행,12.233806030584738,415.5625,85.9596279098969,421.3125,0.0,99.77116704805492,66.666667,2,100.0,16.666667070239782,0.0
True,ios,기존 고정 5행,15.038746139841008,379.28125,83.84322360803506,380.40625,3.549789876660478,99.77116704805492,150.0,0,76.51515151515152,16.666667070239782,0.0
True,ios,기존 선행 준비 5행,15.075495844833181,381.984375,84.97200345807624,378.5625,2.303712231858685,99.77116704805492,116.666667,0,82.53968253968253,16.666667070239782,0.0
True,ios,레전드리스트 5행,20.091691821191525,431.4375,85.62113834197696,444.25,1.9786149390622914,99.77116704805492,133.333333,0,86.92307692307692,16.666667070239782,0.0
True,ios,대기 보정 5행,14.924206843256119,378.921875,85.23537430728018,383.296875,2.053312606745101,99.77116704805492,116.666666,0,81.3953488372093,16.666667070239782,0.0
True,ios,기존 선행 준비 12행,12.211055467283526,416.671875,85.84944525347699,421.296875,0.0,32.608695652173914,50.0,2,100.0,16.666667070239782,0.0
False,android,대기 보정 5행,15.801040027816581,154.404296875,85.09021587341613,156.3623046875,0.0,5.833333333333333,20.657625,2,97.82608695652173,23,0.72
False,android,레전드리스트 5행,19.58125205965785,189.06640625,89.82728877658921,194.0126953125,0.0,0.0,0,3,100.0,36,4.38
False,android,기존 고정 5행,14.279477869990195,154.46875,85.907803925595,155.1162109375,0.0,0.0,0,3,100.0,48,7.95
